stable_key	source	original_group	channel
plex:6208b99027fa	plex	United States	DP World Tour
plex:7c007c885458	plex	United States	Dr. G: Medical Examiner
tubi:71d317ed958d	tubi	Documentaries	Dr. G: Medical Examiner
plex:dbb95545ae54	plex	United States	Dr. Phil
xumo:5b065427bfaf	xumo	Daytime TV	Dr. Phil
plex:d60e55900e35	plex	United States	DREAD TV
plex:0bb46f3b506b	plex	United States	Duck Dynasty by A&E
vizio:2964035df371	vizio	TV	Duck Dynasty by A&E
plex:f0d11f5343af	plex	United States	Dude Perfect
plex:73e27e4bbf04	plex	United States	Dungeons & Dragons Adventures
plex:1c8cd154a83b	plex	United States	E! Keeping Up
roku:04ab914a368e	roku	Environment	EarthDay 365
plex:12f1cb03c929	plex	United States	EarthXtra
plex:377209d6ba14	plex	United States	Easy Listening
plex:d615bf00a881	plex	United States	Eddie's Wonderland
plex:29b4ea436afc	plex	United States	El Conflicto TV
plex:216d88b1b023	plex	United States	El Rey Rebel
plex:a9f4830c13fa	plex	United States	El Señor de los Cielos
plex:d62586c50b54	plex	United States	Electric Now
vizio:128b1fcfec0d	vizio	TV	ElectricNow
plex:57c89e836d51	plex	United States	ElectricNOW en Español
plex:c5a070dd858c	plex	United States	Emoción Atres
plex:06e19ec30326	plex	United States	Entertains
plex:961c216c8c9f	plex	United States	Entravision Ahora
plex:5efb9426a324	plex	United States	Estrella Games
tubi:5a4c75dc5652	tubi	Español	Estrella Games
plex:8a9b24a0b102	plex	United States	Estrella TV
tubi:e61f48cfa824	tubi	Español	EstrellaTV
plex:ed40e5c6d1a7	plex	United States	Euro Hits
plex:cc7d5533fc8e	plex	United States	Extreme Jobs
plex:0c465b078b6b	plex	United States	F1 Channel
samsung:51e50f2af9d0	samsung	Ambiance	Fall Vibes
plex:d42487dd16fe	plex	United States	Farscape
plex:029be8fa8c45	plex	United States	FashionTV
plex:1041fb3d1bab	plex	United States	Fear Factor
vizio:5ae646c854da	vizio	GAME SHOWS	Fear Factor
xumo:76ecb7b69013	xumo	Game Shows	Fear Factor
tubi:6ba5994874bc	tubi	Games & Competition	Fear Factor USA
samsung:0b5f85aafb34	samsung	Sci-Fi & Horror	Fear Zone
plex:80be64dcfd94	plex	United States	FIFA+
xumo:187da507a667	xumo	Automotive	Fifth Gear
plex:3b238d0e4dcd	plex	United States	Fifth Gear (UK)
samsung:e20c641900d9	samsung	Ambiance	Fireplace Vibes
plex:73f40daf8463	plex	United States	Flashback 70s
plex:28e362396717	plex	United States	Fluffy TV
plex:f3f941577b2c	plex	United States	Four in a Bed
plex:79b5d2516429	plex	United States	FRANCE 24
vizio:8549c2b4291d	vizio	FEATURED	FREE Action Network
vizio:9e81a21530df	vizio	MOOD + AMBIANCE	FREE Vibes Scenery
plex:4d8d774998cf	plex	United States	FreeTV Acción
plex:0f90b159994c	plex	United States	FreeTV Banda
plex:bb5dce7ef8e5	plex	United States	FreeTV Clásico
plex:c86ac8dd90c4	plex	United States	FreeTV Estelar
plex:7a93fb68bfb1	plex	United States	FreeTV Familia
plex:14edb97b5449	plex	United States	FreeTV Hits
plex:436dc318fe3f	plex	United States	FreeTV Horror
plex:d5e23d15aef4	plex	United States	FreeTV Live
plex:c0bc75520f00	plex	United States	FreeTV Sureño
plex:c0ec641819ca	plex	United States	FrightFlix
plex:6ec213246a5a	plex	United States	FUEL TV
vizio:96427ae4726f	vizio	CREATORS	Futcrunch
plex:1a1f2ad98f80	plex	United States	Game & Fish TV
plex:030ae440489f	plex	United States	GameTVGO
plex:7aa658f0ce69	plex	United States	Garden with Monty Don
roku:a44ef6939997	roku	House/Garden	GARDEN with Monty Don
plex:6e2bb96d0fab	plex	United States	Gata Salvaje
plex:f8e3a2e63f3e	plex	United States	GET
plex:c54679be743f	plex	United States	Get.Factual
samsung:c78809a31d10	samsung	Sci-Fi & Horror	Ghost Hunters
xumo:9eddeca931a7	xumo	Horror & Sci-Fi	Ghost Hunters
plex:e285a8cf620d	plex	United States	Ghost Hunters Channel
samsung:7a6fb1084b50	samsung	Sci-Fi & Horror	Ghost Stories
plex:9c7878f48baa	plex	United States	Ghosts Are Real
tubi:2af8d0968858	tubi	Sci-Fi & Supernatural	Ghosts are Real
xumo:d64647b495fa	xumo	Horror & Sci-Fi	Ghosts Are Real
plex:12e997c3649d	plex	United States	Glewed TV
plex:dbad51f1a515	plex	United States	GLORY Kickboxing
plex:14b425beaf12	plex	United States	Go Wild
tubi:7bb6a0e63f98	tubi	Good Eats	Gordon Ramsay
plex:11e4bbff6916	plex	United States	Great British Menu
plex:6253df02222c	plex	United States	Green Acres
plex:7e00e63f9ff4	plex	United States	Grit Xtra
plex:79c26687edc9	plex	United States	Grjngo - Películas Del Oeste
plex:17578f9e49a0	plex	United States	GrowthDay Network
pluto:19e5ef0b482c	pluto	Daytime + Game Shows	GrowthDay Network
plex:9c1b90116bbe	plex	United States	GUSTOTV
plex:067b591a851c	plex	United States	Hard Knocks
plex:15337f7ce1fa	plex	United States	Hasbro Legends
roku:69bb662da564	roku	Paranormal	Haunt TV
samsung:e217f644ad4a	samsung	Sci-Fi & Horror	Haunt TV
xumo:3ce10d0894df	xumo	Horror & Sci-Fi	Haunt TV
tubi:cbccacdd283f	tubi	Sci-Fi & Supernatural	HauntTV
plex:ec8e156c8949	plex	United States	Heartland
vizio:33a30c2b5118	vizio	TV	Heartland
plex:b6ad371c79fc	plex	United States	HerSphere by Lionsgate
plex:e66dbd1bc4cd	plex	United States	Hi-YAH!
plex:319e22bcd414	plex	United States	Highway Thru Hell
vizio:a7d1d22174fe	vizio	TV	Highway Thru Hell
plex:7efcfb08f863	plex	United States	Highway to Heaven
plex:1786eb23cab8	plex	United States	Historias de Corazón
